{"A": [0.19678022324579192, 0.6411583593455897, 0.756528209556855, 0.9710726343813104, 0.463024229449156, 0.8246720388994161, 0.5758784765514432, 0.230268601953308, 0.3072535676882897, 0.1256232927591745], "B": [0.5752611929642721, 0.37076454167363515, 0.9436180419128528, 0.7321757962602785, 0.25190722601986215, 0.42030429509008904, 0.16947156771641003, 0.45703100374309424, 0.6070861143744277, 0.07248600436564523], "C": [0.2952100755282894, 0.42582659732672967, 0.49437268617475427, 0.18037370828483434, 0.4060011289604982, 0.8162661117905724, 0.94590751996051, 0.10039936082743783, 0.13377292551930053, 0.3621324940579126], "D": [0.5608317061091428, 0.2689380552766132, 0.18150448634399352, 0.9367324397354989, 0.5097677131240347, 0.9168397446020212, 0.3037002261841265, 0.035632772401223534, 0.6746976657791298, 0.9934852249197973], "E": [0.6365016329060068, 0.3121630063014137, 0.560427700480116, 0.4541680596682365, 0.4143049521163512, 0.004915630051165798, 0.24084777730957985, 0.49825540152889747, 0.8506851531718543, 0.04008177231896948]}